,text,color,size,position,time,sn,userid
0,äºŒåˆ·,#FFFFFF,1,0,0,42903755,qaz1210731
1,å‰ä¼Šå¡å“‡ï¼,#FFFFFF,1,0,0,45641971,dodylee0107
2,æ„Ÿè¬å‹•ç•«ç˜‹ï¼,#FFFFFF,1,0,0,45796240,hyg125
3,å‰ä¾å¥½å¯æ„›,#FFFFFF,1,0,5,40580321,KingOrange69
4,å“ˆå˜,#FFFFFF,1,0,5,40657118,rwan123
5,ç°½,#FFFFFF,1,0,5,41446388,nehsh101
6,1,#FFFFFF,1,0,5,42235007,zxc520031
7,å€‹,#FFFFFF,1,0,5,42576215,d3498115
8,åƒ,#FFFFFF,1,0,6,43809180,pikachiuweii
9,é çœŸçš„å¥½å¯æ„›,#FFFFFF,1,0,10,38700844,milkppt
10,ç°½,#FF0026,1,0,15,42812053,Ceadda127
11,å¥½å¯æ„›å•ŠðŸ˜,#FFFFFF,2,0,15,43532304,bellaliu1230
12,å…„å¼Ÿå€‘ æˆ‘ä¾†äº†ï¼,#FFFFFF,1,0,16,42125192,good78221125
13,ç°½,#FFFFFF,1,0,19,42456696,Rei9488
14,ç¸½é»žé–±æ•¸åƒè¬äº†ï¼Œä»€éº¼æ™‚å€™å‡ºä¸­æ–‡çºŒé›†QAQ,#FFFFFF,1,0,23,41862583,IONCHIPS
15,æˆ‘æ€Žéº¼å¯èƒ½æœƒè¼¸çµ¦å‰ä¼Šå¡å“‡,#A7FE39,1,1,23,42523886,sunny254ww
16,å·´å“ˆæˆ‘å¤§å“¥,#FFFFFF,1,0,24,37399442,gemmalinn
17,å…„å¼Ÿ,#FFFFFF,1,0,25,37090866,k246836
18,ðŸ˜†,#FFFFFF,1,0,25,37543537,a59875987
19,å…„å¼Ÿ,#FFFFFF,1,0,25,39165765,coolmus64
20,é€™çœŸçš„è¶…å¯æ„›,#FFFFFF,1,0,25,41891414,bubble0315
21,å¥½å¯æ„›,#FFFFFF,1,0,25,43842076,jerry990126
22,å¥½æ£’å–”  è¬è¬å·´å“ˆ,#FFFFFF,1,0,28,37092222,kifar13
23,é€™éƒ¨å¾ˆæ²»ç™’ ä¹Ÿæœ‰ä¸€äº›ææ€–çš„ç´°ç¯€,#FF9496,2,0,30,42780785,kkjt1030
24,å¯æ„›,#FFFFFF,1,0,34,42096407,smile10101
25,æ„Ÿè¬å‹•ç•«ç˜‹ï¼,#FFFFFF,1,0,35,37089028,cathykao1015
26,1130611,#FFFFFF,1,0,35,39908396,Cute710
27,é«”æ„Ÿä¸€åˆ†é˜ç¬‘çˆ†....XD,#FFFFFF,1,0,40,40543483,ncbob
28,ç°½,#FFFFFF,1,0,44,42661483,m617007
29,è¬è¬å·´å“ˆå¤§å“¥,#FFFFFF,1,0,47,41916318,zero77716
30,å¥½å¯æ„›å•Šï¼æˆ‘çš„å¤©,#FF9496,1,1,49,45101628,kateihan0307
31,å·´å“ˆæˆ‘å¤§å“¥å•Šå•Šå•Šå•Šå•Š,#FFFFFF,1,0,50,37116180,iorimo0u0
32,å…„å¼Ÿâ€¦,#FFFFFF,1,0,50,38425610,zzxcc132465
33,æ—¥æœ¬,#FFFFFF,1,0,52,44779016,amywei03
34,ç°½,#FFFFFF,1,0,58,38369474,hongyouc01
35,ç°½ï¼,#FFFFFF,1,0,58,41720550,Angrypig0212
36,äºŒåˆ·,#FFFFFF,1,0,59,44529553,st5109185
37,äº”åˆ·,#FFFFFF,2,0,62,37116008,kerrypeng62
38,å‘€ï½žï½žï½žè€¶,#FFFFFF,1,0,62,37846538,brianbon
39,ä½ çŸ¥é“æˆ‘è¦èªªä»€éº¼ã€‚(gif,#FFFFFF,1,0,65,37598411,ray030716
40,2024/7/3ç°½:D,#B538FA,1,0,65,40289891,Noisyfish
41,ç˜¦ç‰ˆçƒè–©å¥‡,#FFFFFF,1,0,65,42597745,loenyen73
42,ä¼Šå‘€å“ˆï½ž,#FFFFFF,1,0,70,37106233,blight0710
43,è¶…ä¸‰å°,#FFFFFF,1,0,70,41651190,kevinlin5220
44,(Â´ï½¥Ï‰ï½¥`),#FFFFFF,1,0,70,45532397,adcw
45,å…”å…”,#FFFFFF,1,0,71,37141334,marux3
46,å…„å¼Ÿï¼Œä½ é¦™,#FFFFFF,1,0,73,39173954,hoen0531
47,å…„å¼Ÿ...,#FFFFFF,1,0,75,38588475,hauch000727
48,ç°½,#FFFFFF,1,0,75,45040253,tjh0528
49,é€™æ™‚å€™è²å„ªé‚„å¾ˆå…‹åˆ¶å‘¢ï¼Œå¯æ„›å¯æ„›çš„ï¼Œå¾Œé¢å°±,#FFFFFF,1,0,76,41948239,Euphie617
50,30ç§’å»£å‘Š é€²ä¾†çœ‹1åˆ†é˜:ï¼‰,#FFFFFF,1,2,80,38930758,s2p7hc2r9g
51,ç°½,#FFFFFF,1,0,80,42439437,JiaRui0719
52,å…„å¼Ÿ,#FFFFFF,1,0,81,41531892,mken
53,é˜ªæ€¥é›»éµæœ‰æ­åˆ°,#FF9625,1,0,85,38108219,erichuang80s
54,è®šè®š,#FDE53D,2,0,85,43843894,Mia1020214
55,ç¬¬ä¸€æ¬¡çœ‹å‹•ç•«,#FFFFFF,1,0,86,41514906,z7957309
56,å…„å¼Ÿ...å…„å¼Ÿ...,#FFFFFF,1,0,87,37089556,as22768221
57,å‘€å“ˆ,#FFFFFF,1,0,87,42160399,fe6793
58,å…”å­çŽ©å¾—é‚£éº¼é–‹å¿ƒï¼Œæˆ‘è½äº†ä¹Ÿå¥½é–‹å¿ƒ,#FDE53D,1,0,88,41712600,DKLin0218
59,å·´å“ˆæˆ‘å¤§å“¥å•Šå•Šå•Šå•Šå•Šå•Šï¼å‘€ï½žï½žï½žï½žå“ˆï½žï½ž,#00C3FC,1,0,90,37320818,cutez77
60,æˆ‘ä¹Ÿæƒ³ä¸ŠåŽ»å½ˆè·³XD!!!!,#FFFFFF,1,0,93,37090008,akarimez
61,20250203,#FFFFFF,1,0,93,43750059,s0813707
62,æ€Žéº¼å¯ä»¥é‚£éº¼å¯æ„›,#FFFFFF,1,1,95,37836304,mia10110060
63,å¥½å¥½åƒçš„æ„Ÿè¦º,#FF9496,1,0,95,39963271,haru15
64,æˆ‘æ²’äº†,#FFFFFF,1,0,95,41584015,momoja0405
65,å¯æ„›æ­»,#FFFFFF,1,0,95,44179848,g840483938
66,å’¿å‘€å“ˆ,#FFFFFF,1,0,97,37089017,xrayxrayxray
67,ç°½,#FFFFFF,1,0,97,41939951,g1080109
68,å¥½å¯æ„›å•Šå•Š,#FFFFFF,1,0,97,46099545,t7cct7tc7c8
69,å¥½ç™²æˆ‘å–œæ­¡,#FFFFFF,1,0,98,40277813,s06578
70,é€™ä¹Ÿå¤ªçµ²æ»‘,#FFFFFF,1,0,98,44056626,WWW924051
71,å‘€,#FFFFFF,1,0,100,42386189,UwUsb924549
72,äºŒåˆ·,#FFFFFF,1,0,101,43860125,inspiration9
73,ç°½,#FFFFFF,1,0,105,40784961,yu2501171025
74,ç¾Šç²‘ç²‘,#FFFFFF,1,0,105,44235094,K941119
75,ï¼ï¼ï¼,#FFFFFF,2,0,106,42505502,pink20111129
76,24ï¼7ï¼18 ä¸€åˆ·,#0036FA,2,2,109,40649740,xgu3771
77,å‘€å“ˆï¼,#FDE53D,2,1,112,44403849,wunuynuy
78,å¥½å¯æ„›,#FFFFFF,1,0,114,44529401,st5109185
79,å•Šå•Šå•Šå•Šå•Šå•Š å¥½å¯æ„›,#FF0026,1,0,115,41104639,zzx0914
80,è¶…æ„›å°å…«,#FFFFFF,1,0,115,42722940,g57z2p9hz8
81,å¥½å¯æ„›R,#FFFFFF,1,0,116,37255874,orpeter2266
82,é€™å€‹YA~çš„é…éŸ³ä¹Ÿå¤ªå¥½ç¬‘ðŸ¤£,#FFFFFF,1,0,116,40913696,sasujiya0214
83,å·´å“ˆæˆ‘å¤§å“¥,#FFFFFF,1,0,117,39327143,a4090851206
84,.,#FFFFFF,1,0,118,43528987,q3882222
85,å…”å“¥å¨æ­¦,#FFFFFF,1,0,120,37088992,svn77
86,Ê• â€¢á´¥â€¢Ê”,#FFFFFF,1,0,120,45532417,adcw
87,æˆ‘å¥½åƒæœ‰å‰ä¼Šå¡å“‡æ­£ç‰ˆå°å¨ƒå¨ƒ,#FF02D3,2,0,121,41338198,qdi201716
88,å‰ä¼Šå€¼å¾—ä½ å„²å€¼ä»˜è²»,#FF9625,2,2,124,41569792,kmc41891
89,å…„å¼Ÿâ€¦ä½ å¥½é¦™,#00C3FC,1,0,125,39026504,BHSN00004rpu
90,æˆªåœ–ç•¶æ¡Œå¸ƒ,#FFFFFF,1,0,125,40271962,Bananaaa
91,åˆ¥æ€•30ç§’å»£å‘Šï¼Œå› ç‚ºä½ æœƒä¸€ç›´é‡æ’­çœ‹1å°æ™‚,#FF9625,1,0,125,41712632,DKLin0218
92,æŒ–å“­æŒ–å“­,#FFFFFF,2,1,125,41820652,terryc92
93,å…„å¼Ÿ...,#FFFFFF,1,0,126,38724243,Tt97011
94,çƒè–©å¥‡æˆ‘å¤§å…”å“¥,#FFFFFF,1,0,128,37923685,fkps9450432
95,å…„å¼Ÿä½ å¥½é¦™,#FFFFFF,1,0,129,37912075,thffhrherh5
96,æˆ‘æ˜¯å…”åª½å’ª,#FDE53D,2,2,129,42400432,yjyjyyjj
97,å—¨,#FFFFFF,1,0,129,42530942,Wufun123
98,ä¸‰å°,#FFFFFF,1,0,130,37130234,ryan950623
99,å¥½å¯æ„›,#FFFFFF,1,0,130,42719189,opendassh
100,8,#FFFFFF,1,0,133,44529558,st5109185
101,å…„å¼Ÿ,#FFFFFF,1,0,135,37905019,Liny37723
102,è²·äº†æœƒå“¡çœ‹ä¸äº†å»£å‘Šå‘¢,#FF0026,1,2,135,39669980,skfq99492p
103,å—šå•¦ å—šå•¦ å—šå•¦,#FFFFFF,2,2,135,40035961,egggg0720
104,å¯æ„›ï¼,#FFFFFF,1,0,135,42832226,wwww98347
105,å˜»å˜»,#FF02D3,2,0,135,44777412,n2mdgjrmnx
106,å·´å“ˆæˆ‘å¤§å“¥,#FFFFFF,1,0,140,40226966,rc20081109
107,ä½ å¥½å‰ä¸€å¡å¨ƒ,#00FF91,1,1,143,45336499,peide256
108,æˆ‘å¯ä»¥é‡è¤‡Næ¬¡,#FFFFFF,1,0,144,42655630,Euphie617
109,å¥½å¯æ„›,#FF9496,2,0,148,42344679,QAQ108017
110,å¥½å¯æ„›,#FFFFFF,1,0,148,45613814,hs109026
111,å—šå•¦,#FFFFFF,1,0,151,41817353,cjad20010827
112,å¥½å¯æ„›,#FF9496,1,0,152,42649121,paz76823361
113,å…„å¼Ÿè½‰å€‹èº«,#FFFFFF,2,0,155,38197027,Dd090527
114,ç™¼ç¾æ‰1åˆ†å¤šé˜å»è¦çœ‹30ç§’å»£å‘Šï¼Œç›´æŽ¥è²·ä»˜è²»:D,#FF9496,2,2,155,41472799,koorishin
115,çƒ,#FFFFFF,1,0,155,43754902,s1080025
116,å¥½å¯æ„›å“¦ðŸ˜ðŸ¥°ðŸ¥°,#FF0026,1,0,155,44501388,aliny54689
117,é«”æ„Ÿä¸€åˆ†é˜,#FFFFFF,1,0,159,40792176,aaazxc348481
118,æ³°å¯æ„›è¾£!,#FF0026,2,0,160,43489018,tariuang
119,å¼·çƒˆå»ºè­°è²·æœƒå“¡ï¼ï¼ï¼,#FDE53D,1,0,160,43991692,sy09871601
120,å…„å¼Ÿä½ å¥½é¦™,#FFFFFF,1,0,162,39629298,Shsjwi
121,å°å¯æ„›ç™»å ´ï¼,#FF0026,2,0,165,41104654,zzx0914
122,è¶…å¯æ„›///////////////////,#FFFFFF,1,0,168,37088925,akarimez
123,çƒè–©å¥‡~~~~~~~,#FFFFFF,1,0,171,46178393,laeglel
124,30ç§’çš„å»£å‘Šçœ‹ä¸€åˆ†åŠçš„å°å…«.,#FFFFFF,1,0,172,37090126,murphyhu0219
125,è›¤,#FFFFFF,1,0,173,42646453,eric200571
126,2024/11/28 äºŒåˆ· æ±‚æ›´æ–°,#FFFFFF,0,0,175,42913488,aids123die
127,ä½ å¥½å¯æ„›å•ŠðŸ¥¹,#FFFFFF,1,0,176,39508940,amandalin607
128,å¥½å¯å“€,#FFFFFF,1,0,176,42513019,wugu10416
129,å…„å¼Ÿ åƒçµ±ä¸€å¸ƒä¸å›‰,#FFFFFF,1,0,177,39288033,Nakobalala
130,é–‹é ­å°±çŽ©é£Ÿç‰©,#FFFFFF,1,0,179,43844028,egriawei
131,è¶…å¯æ„›,#FFFFFF,1,0,179,44179850,g840483938
132,å¥½å¥½çœ‹å•Šï¼,#FFFFFF,1,0,184,44456224,nxjhcfynvq
133,å•Šå•Šå•Šè¶…å¯æ„› æˆ‘æ²’äº†///,#FFFFFF,1,0,185,37106243,blight0710
134,è½èªªè¾±è¯äº† ä¾†çœ‹çœ‹æ˜¯ä»€éº¼ç¥žä½œ,#FFFFFF,1,0,185,38868903,IamBongu0626
135,å…„å¼Ÿ,#FFFFFF,1,0,186,37249637,designer22
136,ç°½,#FFFFFF,1,0,188,42532155,rosa0812
137,å¥½èŒå–”,#FFFFFF,1,0,191,43650216,annana566
138,å…„å¼Ÿ....,#FFFFFF,1,0,192,40389980,llennskadi
139,å‘€!!!!,#FFFFFF,1,0,193,41946183,Onandoff
140,å…„å¼Ÿâ€¦,#FFFFFF,1,0,195,37292990,enjoyuting
141,ç‚ºäº†çœ‹ å…„å¼Ÿï¼Œä½ å¥½é¦™ è²·æœƒå“¡,#FFFFFF,1,0,197,41802021,a24060535
142,å…„å¼Ÿ è½‰èº« æœ‰æ€¥äº‹,#FFFFFF,1,0,198,38904909,Isjskana
143,æˆ‘çš„å‰ä¼Šå®å®ï¼ï¼,#FFFFFF,1,0,200,39826739,IIJiYi107
144,å¥½å¯æ„›ï¼ï¼ï¼ï¼,#FF0026,2,0,200,43658861,qwq1204
145,é€™ä¸‰å°,#FFFFFF,1,0,201,41353244,BHSN00002kht
146,å…„å¼Ÿ ä½ å¥½æœ‰å‘³é“,#FFFFFF,1,0,201,41924853,hhhh8514
147,å‰å“‡,#FF0026,1,0,208,41386750,redskycity
148,å…„å¼Ÿæœ‰æ€¥äº‹,#FFFFFF,1,0,210,38771376,Steven1226
149,çƒè–©å¥‡æˆ‘å¯¶è²,#FFFFFF,1,0,210,38905005,n1073219
150,å…„å¼Ÿä½ å¥½é¦™,#FF0026,2,2,210,41495379,n5gh98vz4n
151,é€™ä¸‰å°,#FF0026,2,1,215,38403282,smoonzz
152,å¥½å¯æ„›å•Šå¤©,#FFFFFF,1,0,215,42318674,wxiaomei945
153,å¸ƒä¸å…”å…”ï¼ï¼ï¼,#FDE53D,1,0,220,38517823,linliyan6008
154,é»é»é»,#FFFFFF,1,0,220,40271970,Bananaaa
155,å•Šå•Šå•Šå¯æ„›,#FF02D3,1,0,220,42925458,angel1joanne
156,æˆ‘ç¬¬ä¸€æ¬¡çœ‹,#FFFFFF,1,0,221,41164994,tsubakilee
157,é«”æ„Ÿä¸€åˆ†é˜WWW,#FFFFFF,1,0,221,41597794,nico7214034
158,å¥½å¯æ„›å–”,#FFFFFF,1,0,223,37089664,torappub70
159,çœ‹å·´å“ˆé‚£éº¼ä¹… ç«Ÿç„¶æ˜¯å› ç‚ºå‰ä¼Šå¡å“‡èª²é‡‘,#FFFFFF,1,0,225,42426973,Roubert
160,ç¬¬ä¸€æ¬¡åœ¨å·´å“ˆèª²é‡‘å°±ç‚ºäº†å‰ä¼Šå¡å“‡,#FFFFFF,1,0,225,43478064,ch0922
161,æ± æ²¼å¸ƒä¸,#FF9625,2,1,235,37097163,w3616327
162,æˆ‘æ˜¯æ–°ç²‰ðŸ¤¡ðŸ¤¡,#FFFFFF,1,0,235,42318680,wxiaomei945
163,å¥½å¯æ„›ðŸ˜ðŸ˜,#FFFFFF,1,0,236,41012224,kaito0621
164,å¹¹æˆ‘è·Ÿæˆ‘åŒå­¸ww,#FFFFFF,1,0,240,37884243,c107049
165,é¦–åˆ· æ©ŸçŽ‡ä¸‹ 2024/9/1,#FFFFFF,1,0,240,41578076,S1104930830
166,å…„å¼Ÿï¼Œä½ å¥½é¦™( ã€‚á»› â‚ƒá»)Ú¾,#FFFFFF,1,0,246,42323685,gndr1798
167,å¡å“‡,#FFFFFF,1,0,249,37090109,kodgreen59
168,çƒæ‹‰,#FFFFFF,1,0,250,37088965,hettt5655
169,å…„å¼Ÿ ä½ å¥½é¦™,#FFFFFF,2,0,252,37590354,C8763jason
170,æœ€æ„›å…”å“¥çƒè–©å¥‡,#FFFFFF,1,0,252,41204719,jessie78327
171,æ™´ç©ºå¡”æœ‰çœ‹åˆ°é€™æ®µ,#FFFFFF,1,0,258,37105528,mu317666
172,"æœ‰äººåœ¨å—Žå˜‰ç¾©

æœ‰äººåœ¨å—Ž+1",#FFFFFF,1,0,259,41165004,tsubakilee
173,æˆ‘å°±ä¾†çœ‹çœ‹ä»–åœ¨ç´…ä»€éº¼,#FFFFFF,1,0,260,41587998,Yan705
174,ç‚ºä»€éº¼æœƒæœ‰HOMOç™¼è¨€å•Šï¼,#FFFFFF,1,0,262,38747311,HeyMeow
175,å…„å¼Ÿä½ å¥½é¦™,#FFFFFF,1,0,265,37200055,BHSN00005180
176,äº’èˆ”å°±æ˜¯å¦å¤–çš„åˆ†é¡žäº†,#FFFFFF,1,0,267,39361498,TAITAN
177,å¯æ„›,#00C3FC,1,0,267,40894454,kekerry75
178,2024/8/26ä¸€åˆ·,#FFFFFF,1,0,267,41455922,cupid005
179,å…„å¼Ÿä½ å¥½é¦™XD,#FFFFFF,1,0,275,42218642,Jing54017
180,å…„å¼Ÿ,#FFFFFF,1,0,284,38507836,badkin
181,ç‚ºäº†å‰ä¼Šæˆ‘è„«é›¢ç•¶å…è²»ä»”,#FF0026,2,2,285,41698846,Lancelot1204
182,å•Šå•Šå•Šå•Šå•Šå¥½å¯æ„›,#FF0026,1,0,285,43658863,qwq1204
183,é·—ç§‘,#FFFFFF,1,0,288,45911440,badbadtzes
184,å¥½å¯æ„›ï½ž^â€†_â€†^ðŸ˜,#FFFFFF,1,0,290,44530212,a8962189
185,å¯æ„›,#FFFFFF,1,0,290,45735353,yk2m6tbvb9
186,å¥½å¯æ„›ðŸ« ,#FFFFFF,1,0,291,39717927,Sonnun
187,å’¦å‘€ï¼ï¼ï¼ï¼ï¼,#FFFFFF,1,0,294,39156757,jnini107040
188,é¦™é¦™çš„ï½žï¼ˆï¼Ÿ,#FF0026,1,1,294,45101639,kateihan0307
189,åœ¨çš„èªªè©±,#FFFFFF,1,0,295,43843903,Mia1020214
190,å•Šï½žï½žï½ž,#FFFFFF,1,0,296,43574718,kevinerrt098
191,^^,#FFFFFF,1,0,298,43535454,dozwang
192,???,#FFFFFF,1,0,299,39987834,karta2194512
193,å°å¯¶å¯¶å€‘ËŠ///Ë‹,#FFFFFF,1,0,303,37090112,kodgreen59
194,é€™éš»é»ƒè‰²çš„å¥½æ¬ æ‰“,#FFFFFF,1,0,307,39310541,a631003
195,æœ€æ„›å…”å“¥çƒè–©å¥‡>///<,#FFFFFF,1,0,307,41204730,jessie78327
196,å—…å—…,#FFFFFF,1,0,309,37846552,brianbon
197,æµ·å—¨å—¨å—¨å—¨ðŸ‘ðŸ‘ðŸ‘ðŸ‘ðŸ‘,#00C3FC,1,0,315,42633677,yzf8rvkgnk
198,å…”å­è¶…ã„æ­ª,#FFFFFF,1,0,316,37182596,rockman73
199,#På¯æ„›,#FFFFFF,1,0,320,45613822,hs109026
200,çƒè–©å¥‡å¯¶è²,#FFFFFF,1,0,323,44529406,st5109185
201,å¥½å¯æ„›,#FFFFFF,1,0,324,38508089,Furabbit
202,æ„Ÿè¦ºè¶…é»è¸¢è¸¢çš„,#FFFFFF,1,0,325,38219587,keroro9987
203,åœ¨å¹¹å˜›,#00FF91,1,0,325,41977362,Alice5555
204,å‰å…«,#FFFFFF,2,0,325,43824367,NOSAJJASON
205,çœ‹èµ·ä¾†å¾ˆå¥½åƒ,#FFFFFF,1,0,329,43200774,amy20130605
206,å‘€ï½žï½žï½ž,#FFFFFF,1,0,332,39926073,kg147369
207,å…„å¼Ÿ ä½ å¥½é¦™é˜¿,#FFFFFF,1,0,332,42273064,q8882020
208,å¥½å¯æ„›,#FFFFFF,1,0,334,42109022,alerub
209,å¯æƒ¡ æˆ‘å±…ç„¶ç‚ºäº†å‰ä¼Šå¡å“‡èª²é‡‘,#FF0026,1,2,335,41989040,fly410149
210,æœ€å–œæ­¡çƒè–©å¥‡+1ï½žï½žï½ž,#FFFFFF,1,0,335,44131268,tina117
211,å…„å¼Ÿ ä½ å¥½ç”œ,#FFFFFF,1,0,340,37912085,thffhrherh5
212,å¥½å¯æ„›,#FFFFFF,1,0,340,46039271,xliu70190
213,æƒ³åƒé¬†é¤…,#FFFFFF,1,0,342,38798408,shadow121010
214,å»£å‘Šæ¯”å½±ç‰‡ä¹…XD,#FFFFFF,1,0,342,43809188,pikachiuweii
215,???,#FFFFFF,1,0,344,40801113,Angela213120
216,å¥½å¯æ„›å–”,#FFFFFF,1,0,347,43024888,j1070526
217,å…„å¼Ÿä½ å¥½é¦™,#FF0026,1,0,350,38700882,milkppt
218,2025.5.15ç°½åˆ°,#FFFFFF,1,0,353,45001925,hanning525
219,æˆ‘12äº†,#FF0026,1,0,355,44035485,Dhkwk
220,å¥½å¯æ„›~,#FFFFFF,1,0,356,38496581,vicky220
221,å…”å“¥,#FFFFFF,1,0,356,43754904,s1080025
222,å½±ç‰‡90ç§’ å»£å‘Š30ç§’,#FFFFFF,1,0,356,44744709,a4391030
223,???,#FFFFFF,1,0,359,41709872,joe71406
224,å…„å¼Ÿä½ å¥½é¦™,#FFFFFF,1,0,359,44049543,A524gino
225,è›¤?,#FFFFFF,1,0,360,41701450,gl0507
226,å¥½è®š,#FFFFFF,1,0,364,37285672,k122662479
227,æˆ‘ä¹Ÿè¦åƒå¸ƒä¸,#FFFFFF,1,0,365,43908582,Anima0415
228,y,#FFFFFF,1,0,366,42795395,haps108240
229,å—¨,#FFFFFF,1,0,370,41337806,CATDOG2333
230,å’¿å’¿å’¿å’¿å’¿å’¿å’¿å’¿å’¿å’¿å’¿å’¿å’¿å’¿,#FFFFFF,1,0,372,43519307,joy613536
231,éŽåŠè­¦å‘Š,#FFFFFF,1,0,376,37359970,robin7331899
232,æ„Ÿè¬å·´å“ˆä¸Šå‹•ç•«,#FFFFFF,1,0,378,37257322,mo0209
233,å—¨,#FFFFFF,1,0,380,42678961,s109231
234,å¥½å¯æ„›,#FFFFFF,1,0,380,43032398,Katie2013
235,å–”æˆ‘è¦ä¸è¡Œæƒ¹,#FFFFFF,1,0,382,43650219,annana566
236,èª²çˆ†!!!!!!!!!!!!!!!!!!!!!!,#FFFFFF,1,0,386,42317242,lois19920926
237,å¯æ„›,#FF9625,2,2,387,42532160,rosa0812
238,&2&8/$:7.!/,#FFFFFF,1,0,390,41438770,s0714eddie
239,æœƒæœ‰èžžèŸ»XD,#0036FA,1,0,392,39963278,haru15
240,æˆ‘ç«Ÿç„¶æœ‰åæ‡‰æ¬¸ï¼ï¼ï¼,#FF0026,1,1,395,44035489,Dhkwk
241,å£æ„›,#FFFFFF,1,0,397,38841610,roucichiu
242,æˆ‘çš„å±è‚¡â¬‡ï¸,#FFFFFF,2,1,398,37740788,Luna1023
243,å¥½å¥½åƒ,#FFFFFF,1,0,400,43023482,cxj20130622
244,å“‡,#FFFFFF,1,0,400,44529562,st5109185
245,çœ‹åˆ°å£žé¬†é¤…ç›´æŽ¥ç¬‘å‡ºä¾†,#FFFFFF,1,0,405,41223436,kbfr
246,å¥½å¯æ„›,#FFFFFF,1,0,405,42949205,ye978799
247,ç¢°ï¼,#FDE53D,2,2,408,37209651,seeso
248,å¯æ„›,#FFFFFF,1,0,410,41576686,Yuooo1221
249,äº”ä¸ƒè¦ªæ„›çµ¦å…§é¬§é¬§,#FFFFFF,1,0,412,45911443,badbadtzes
250,ä½ é€™å€‹å£žé¬†é¤…,#FF0026,1,2,415,40285661,wegt458
251,ç¢°,#FFFFFF,1,0,416,42220545,qOuOl
252,æ€Žéº¼åˆ°è™•éƒ½æœ‰homoé˜¿ (æƒ±,#FFFFFF,1,0,428,37933031,udte0503
253,å¯¶å¯¶!,#FFFFFF,1,0,431,42192993,peter880421
254,è›¤~,#FFFFFF,1,0,434,45808451,jobe13321712
255,å…„å¼Ÿâ€¦,#FFFFFF,1,0,438,39010683,yukipedia
256,éŽåŠè­¦å‘Š(ä¹Ÿå¤ªå¿«xd),#FFFFFF,1,0,440,44467853,Meatbun1204
257,<(Ë™â–½Ë™<),#FF9496,2,0,442,37651666,pinky122116
258,å¥½å¯æ„›,#FF0026,1,1,442,42577275,ryanwu0615
259,ç¢°,#00FF91,1,0,444,41946188,Onandoff
260,TV,#FFFFFF,1,0,445,46135365,phone0331
261,é€™ç­†å¤©ç«ºé¼ è»Šè»Šé‚„çŸ­è€¶,#FFFFFF,1,0,448,41597804,nico7214034
262,ðŸ˜¯,#FFFFFF,1,0,450,40744524,ooxx1125
263,Isuzu b hsushshushs sixoxiuðŸ«’ðŸ˜‚ðŸ«’,#00FF91,1,0,450,41438775,s0714eddie
264,æˆ‘æœ‹å‹å°„äº†,#FF0026,1,1,455,44035504,Bro0201
265,å…”å­å¥½é¬§ðŸ¤£ðŸ¤£å¯æ„›,#FFFFFF,1,0,460,41452694,nina766335
266,é¬†é¤…ï¼Œä½ å¥½é¦™( ã€‚á»› â‚ƒá»)Ú¾,#FFFFFF,1,0,463,43683890,annana566
267,äººé¡žï¼šæ‰‹æ©Ÿå…ˆåƒ,#FFFFFF,1,0,463,43683900,annana566
268,é€™é£Ÿç‰©é€™ç®—ä¸ç®—SM,#FFFFFF,1,0,463,43683911,annana566
269,å‘€å“ˆ,#FFFFFF,1,0,464,43703781,schy90503
270,ç£…ï¼,#FDE53D,1,2,465,37363800,chenwenxin
271,å…„å¼Ÿ æƒ³è¶´ä½ ,#FFFFFF,1,0,465,37912091,thffhrherh5
272,ç‚ºä»€éº¼è¦æ‹ï¼Ÿ,#FFFFFF,1,0,465,40271978,Bananaaa
273,çœŸçš„å¥½ç™‚ç™’,#FF9496,2,0,466,42934909,yuyan5831
274,ä»€éº¼å¯æ„›å°å¡é€šï¼æ ¹æœ¬ç¾Žé£Ÿç¯€ç›®å—ŽðŸ§¡ðŸ§¡ï¼,#FDE53D,2,0,466,44403861,wunuynuy
275,%,#FDE53D,1,0,467,37090648,xman123
276,å¥½æ„›å…”å…”çš„ç²¾ç¥žç‹€æ…‹,#FFFFFF,1,0,468,42694476,mia7721
277,æˆ‘æ˜¯é¬†é¤…ww,#FFFFFF,1,2,470,44806397,season1011
278,spanking,#FFFFFF,1,0,471,42004802,Newbiesama
279,æˆ‘ä¹Ÿæƒ³æ‹æ‰“é¬†é¤…,#FF0026,2,0,474,37172402,qwe30315
280,çƒè–©å¥‡,#FFFFFF,1,0,475,42552428,Jamei0111
281,2æœˆ9æ—¥,#FFFFFF,1,0,475,43843917,Mia1020214
282,ðŸ•,#FFFFFF,1,0,475,44957860,cwr1120
283,å¥½é¦™å•Š,#FFFFFF,1,0,477,41817960,cjad20010827
284,bonk,#FFFFFF,1,0,478,37102731,sevenwgsss
285,%,#FFFFFF,1,0,480,37093635,BBB122328
286,å¥½æƒ³åƒ,#FFFFFF,1,0,480,44529563,st5109185
287,å“ˆå“ˆå“ˆ,#FFFFFF,1,0,485,42454655,ayiimilk
288,å¥½å¯æ„›,#FF9496,2,0,487,41465869,ching72325
289,è¬è¬å·´å“ˆ,#FFFFFF,1,0,489,38014630,tiger5567
290,ç„¡æ•µå¯æ„›ï¼ï¼,#FFFFFF,1,0,489,38496585,vicky220
291,æˆ‘åˆ‡åˆ‡åˆ‡ï¼,#FFFFFF,2,2,490,41385333,cecelia0407
292,è¶…å¯æ„›ã„Ÿ,#00C3FC,1,0,490,43594337,yqr1009
293,å¥½å¥½åƒ,#FFFFFF,1,0,495,38508093,Furabbit
294,å¿«è¢«å¯æ„›æ­»äº†æ•‘å‘½,#FFFFFF,2,0,495,40538581,shmily120433
295,æ‰“æˆ‘å±è‚¡,#FF0026,2,1,496,39378644,BHSN000058k3
296,é£Ÿç‰©SM,#FDE53D,2,2,497,41032278,sunnyjiss6
297,éŽåŠè­¦å‘Š,#FFFFFF,1,0,499,42532879,JIGUANG2010
298,ä¸è¦çŽ©é£Ÿç‰©,#FFFFFF,1,0,503,38219600,keroro9987
299,2024/11/11ç°½,#FFFFFF,1,0,503,42694481,mia7721
300,???????????????????????????,#FFFFFF,1,0,508,40801122,Angela213120
301,é€™æ˜¯å¤ªç†±å†æ‹åå¢Šçš„æ„Ÿè¦º,#FFFFFF,1,0,510,41544582,yuri930603
302,%%%,#FFFFFF,1,0,515,40226976,rc20081109
303,æ„Ÿè¬å·´å“ˆä¸Šæž¶è¶…å¯æ„›å‹•ç•«ï¼,#FFFFFF,1,0,517,37138683,amazingcaty
304,å¥½æƒ³æ‰ä»–å€‘å–”,#FFFFFF,1,0,518,41721397,alen940115
305,wow,#FFFFFF,1,0,519,44155003,timlin0808
306,ðŸ˜‹,#FFFFFF,1,0,520,37869385,m18322415928
307,æˆ‘æƒ³åƒé¬†é¤…ðŸ¥ž,#FFFFFF,1,0,520,38905017,n1073219
308,åƒè²¨å…”å…”,#FFFFFF,1,0,520,44744627,rvvvv
309,å¥½å¯æ„›,#FF9496,1,0,522,40667147,ariel0321
310,å’–å“‡ä¼Š,#FFFFFF,1,0,524,37110884,Ohayouu
311,è®“æˆ‘æƒ³åˆ°æ‰“å¥³å‹å±è‚¡,#FFFFFF,1,0,524,38239728,s7012806
312,å¥½æƒ³åƒ,#FF0026,2,0,527,37172403,qwe30315
313,æ‹æ‰“æ´›å¯é˜¿å¬¤,#FFFFFF,1,0,528,37209148,sholfen
314,#På¯æ„›å•Šå•Š,#FFFFFF,1,0,531,45613833,hs109026
315,çœ‹èµ·ä¾†ä¹Ÿå¤ªå¥½åƒ,#FFFFFF,1,0,535,40271980,Bananaaa
316,å¥½åƒ,#FFFFFF,1,0,535,40525529,monkeyyo001
317,å¯æ„›,#FFFFFF,1,0,539,44179853,g840483938
318,çƒè–©å¥‡è·Ÿå‰ä¼Šå¡å“‡æ˜¯é…’è‚‰æœ‹å‹,#FFFFFF,1,0,540,42597757,loenyen73
319,å…”å“¥å¥½å¯æ„›www,#FFFFFF,1,0,544,45414400,UUu00329
320,ä¸æå“ˆå§†é†¬,#FFFFFF,1,0,545,37193574,mfabc
321,åª½çš„åª½çš„åª½çš„,#FFFFFF,1,0,545,37326727,Kujila510710
322,é åƒå¥½å¿«,#FFFFFF,1,0,545,41891424,bubble0315
323,ç”¨éŸå­åˆ‡ï¼Ÿå°å…«ï¼šã€Œå°å•Šã€æˆ‘ï¼šã€ŒðŸ¤£ðŸ¤£ðŸ¤£ã€,#FFFFFF,1,0,545,44501406,aliny54689
324,æ—©é¤åƒé¬†é¤…,#FF0026,2,0,546,37172404,qwe30315
325,å¯æ„›å‘€,#FFFFFF,1,0,547,41337819,CATDOG2333
326,å¥½æƒ³åƒï½ž,#FFFFFF,1,0,547,45701968,peggy062800
327,è¥¿,#00FF91,1,0,549,44529412,st5109185
328,å…”å­åƒæ±è¥¿å¥½å¯æ„›w,#FFFFFF,1,0,554,37088951,lonely250
329,å¥½å¯æ„›çš„å‰ä¾å¯¶å¯¶ æƒ³ä¸€å£åƒæŽ‰,#FF9496,1,0,555,41701527,belleee
330,æŒ–æ§½ æš´é¢¨å¼åžå…¥ ä¹Ÿå¤ªå¯æ„›äº†å§,#FFFFFF,1,0,557,44056647,WWW924051
331,ä»€éº¼å¥‡æ€ªç”Ÿç‰©,#00C3FC,2,0,559,41275706,aa91a0112
332,ä¸€å€‹ã€Œå•Šã€å„ç¨®æƒ…ç·’,#FFFFFF,1,0,560,40362225,meng7917
333,å¯æ„›,#FFFFFF,1,0,561,38086388,Tony15246
334,å¥½å¯æ„›ðŸ˜,#FF9496,1,0,570,37114336,kylieisme094
335,ðŸ¸,#FFFFFF,1,0,570,38496590,vicky220
336,æ·±æ·µå·¨å£(â ï¾‰ï¾Ÿâ 0ï¾Ÿâ )â ï¾‰â ,#FF0026,1,1,574,45101652,kateihan0307
337,å‰ä¼Šå¡å“‡åœ¨å¹«å‹•ç•«ç˜‹è³ºéŒ¢å—Ž å…å»£å‘Šçš„éŒ¢,#FFFFFF,1,0,575,41529918,emma061105
338,"æœ‰äººè·Ÿæˆ‘ä¸€æ¨£æ™šä¸Šçœ‹å—Ž
çœ‹äº†å¿«é¤“æ­»",#FFFFFF,1,0,576,41165019,tsubakilee
339,æƒ³åƒé¬†é¤…äº†å“ˆå“ˆå“ˆå“ˆå“ˆ,#FF9496,1,1,580,41391053,patty902
340,ä¸€å£å¡žä½ åˆ°åº•æ˜¯å…”å­é‚„æ˜¯å€‰é¼ ,#FFFFFF,1,0,589,42666789,chin0924
341,æ‘¸éª¨æ‘¸éª¨,#FFFFFF,1,0,590,39745768,Griswold
342,é«”æ„Ÿä¸€åˆ†é¾â€¦,#FFFFFF,1,0,591,37106844,a28607
343,é«”,#FFFFFF,1,0,595,43754911,s1080025
344,æˆ‘çˆ¸çˆ¸å¼µæ–‡éƒ¡,#FFFFFF,1,0,595,45190390,zijunwei0202
345,å–œæ­¡çœ‹å…”å…”åƒæ±è¥¿è¶…å¯æ„›ðŸ˜,#FFFFFF,1,0,596,44575045,peach9611
346,å•Šå•Šå•Šå•Š,#FFFFFF,1,0,600,41280684,fuyuyoru030
347,æš´åŠ›åƒé¬†é¤…,#FFFFFF,1,0,601,41817962,cjad20010827
348,å•Šå•Šå•Šé‚£å€‹è¶…å¯æ„›æ˜¯æ€Žæ¨£å•¦,#FFFFFF,2,0,605,38403305,smoonzz
349,å’¿å’¿å’¿å’¿å’¿å’¿å’¿å’¿å’¿å’¿å’¿å’¿å’¿å’¿å’¿å’¿å’¿å’¿å’¿,#FFFFFF,1,0,605,43519317,joy613536
350,è²·äº†è²·äº† æœˆç§Ÿæ–¹æ¡ˆç‚ºäº†çœ‹é€™å€‹XDD,#FFFFFF,1,0,606,37340484,ann84
351,?????????,#FFFFFF,1,0,608,42746830,abc21086999
352,30ç§’çš„å»£å‘Šï¼šï¼‰,#FFFFFF,1,0,610,37263626,joanna0321
353,å®¢æ„›æ„›,#FFFFFF,1,0,618,44179854,g840483938
354,ä¸æƒ³è®Šåªè¦ä¸»æµå°±èªªè¨ŽåŽ­ï¼Œä¾†å˜—è©¦äº†è§£é€™ä¸‰å°,#FFFFFF,1,0,619,41927849,asure8888
355,å¥½å¯æ„›å–”,#FFFFFF,1,0,621,42023149,tiff6323
356,é€™åˆ°åº•æ˜¯ä¸‰å°,#FF0026,1,0,625,42453288,allencgl1
357,å¤ªå¿«å°±1é›†äº†å§,#FFFFFF,1,0,626,42893301,dd8842245
358,yuuyuyu,#FFFFFF,1,1,631,43103312,chenyin09
359,æƒ³åƒæ°·å·æ—¥èœï¼ˆCVå°æ¾¤äºžé‡Œï¼‰åœ¨å¹•å¾Œé¬¼å«,#FFFFFF,1,0,634,37110322,ol0SOW0lo
360,æ™šå®‰,#FFFFFF,1,0,637,44440673,jimmy0416
361,å“ˆå“ˆå“ˆå“ˆå“ˆ,#FFFFFF,1,0,637,45641984,dodylee0107
362,å“‡å•Šå•Š,#FFFFFF,1,0,640,45624030,aaaanini0824
363,ä»€éº¼çµæŸäº†ï¼ï¼Ÿæˆ‘åˆ°åº•çœ‹äº†ä»€éº¼ï¼Ÿï¼Ÿ,#0036FA,2,2,641,44139947,SUDU9527
364,è¶´ï¼æ²’äº†,#FFFFFF,1,0,642,41322892,z9ha45pt26xo
365,"æœŸå¾…åŠ å…¥å°å…«çš„æ¼”å”±:""D",#FFFFFF,1,0,643,37090118,kodgreen59
366,å†·çŸ¥è­˜ï¼šå·²çµæŸï¼Œè€Œä¸”ç‰‡å°¾å¾ˆé•·<(Ë™â–½Ë™<),#FFFFFF,1,2,643,43683942,annana566
367,è›¤,#FFFFFF,1,0,645,40059278,lina1050091
368,å¥½å¯æ„›å–”ï½ž,#FF9496,1,1,645,40451028,doggypig2019
369,â¤â¤â¤,#FFFFFF,1,0,648,42335915,yoyohsu1005
370,å°çŸ¥è­˜:å…”å­å¤–çš„å…©å€‹ä¸»è¦è§’è‰²éƒ½æ˜¯å°å­©é…çš„,#FFFFFF,1,0,649,37089016,pkpkpk86520
371,è¶…è®šã„‰ï¼ï¼ï¼ï¼ï¼ï¼ï¼,#FFFFFF,1,0,649,38496591,vicky220
372,ä¸æ˜¯é«”æ„Ÿä¸€åˆ†é˜ï¼Œæ˜¯çœŸçš„åªæœ‰ä¸€åˆ†é˜,#FFFFFF,1,0,650,37167002,LiaoWenhua
373,æ²’äº†ï¼Ÿï¼Ÿï¼Ÿï¼Ÿï¼Ÿï¼Ÿï¼Ÿï¼Ÿï¼Ÿï¼Ÿï¼Ÿï¼Ÿï¼Ÿï¼Ÿï¼Ÿï¼Ÿï¼Ÿ,#FF0026,2,1,650,39378653,BHSN000058k3
374,ï¼Ÿï¼Ÿã„¡ã„¡ã„¡ã„¡,#A7FE39,1,0,650,42920226,evaasgg128
375,éŸ³ä¹è¶…å¥½å¬ä¹Ÿè¶…å¯çˆ±~~~,#FF9496,1,0,653,38517836,linliyan6008
376,å¤ªå»¢äº†å§ï¼Ÿ,#0036FA,1,0,655,42555322,Lucy08070807
377,(*Â¯ï¸¶Â¯*),#FFFFFF,1,0,657,39156779,jnini107040
378,æ™‚é–“å°å·,#FFFFFF,1,0,660,37089286,nitama487
379,é€™åˆ°åº•æ˜¯ä¸‰å°,#FF0026,2,2,663,42532176,rosa0812
380,é«”æ„Ÿ90ç§’,#FFFFFF,1,0,665,37188419,chi525051
381,æ²’äº†å°±é€™æ¨£é è…°å•Š,#FFFFFF,1,0,665,41819554,Tyhbnvfg
382,èˆ‡,#FFFFFF,1,0,666,43967797,TONKEN
383,ç²¾ç¥žæ™‚å…‰å±‹,#FFFFFF,1,0,667,37102737,sevenwgsss
384,æœŸå¾…å°å…«å‡ºå ´ï¼,#FFFFFF,1,0,667,37138685,amazingcaty
385,è›¤,#FFFFFF,1,0,667,40706383,tiyu1118
386,é«”æ„Ÿä¸€åˆ†é˜,#FFFFFF,1,0,671,37175957,Pooooooooooo
387,ä¸çœ‹è²å„ªè¡¨æ­»éƒ½èªä¸å‡ºå…”å­æ˜¯å°æ¾¤äºžæŽ,#FFFFFF,1,0,672,37106452,Tomachen
388,æª”æ¡ˆçš„å°ç‘ªèŽ‰cv,#FFFFFF,1,0,672,37391086,a4810159
389,?,#FFFFFF,1,0,672,39260415,N4070022
390,è¦æ’åˆ°13-14é›†æ‰é–‹å§‹æœ‰åŠ‡æƒ…å–”~~~,#FFFFFF,1,0,672,44049554,leteargerbob
391,å½±ç‰‡90ç§’ å»£å‘Š30ç§’?????,#FFFFFF,1,0,673,44744720,a4391030
392,ä¸€åˆ†é˜é€™éº¼çŸ­,#FFFFFF,1,0,675,41529899,emma061105
393,é«”æ„Ÿ10ç§’é˜,#FFFFFF,1,0,677,44115716,geoguessr
394,æ—¥æœ¬,#00C3FC,1,0,678,44808709,amywei03
395,åŽŸä¾†ä¸€é–‹å§‹æ²’æœ‰å°å…«å”±æ­Œ,#FFFFFF,1,0,680,37090326,aasw91330
396,è›¤,#FFFFFF,1,0,680,37512346,sXD324
397,XDD,#FFFFFF,1,0,681,38837447,etal
398,æ²’äº†ï¼Ÿï¼Ÿï¼ŸðŸ–•ðŸ–•ðŸ–•ðŸ–•ðŸ–•,#FF9625,1,0,683,43195457,Lisa2012821
399,æœ¬ä¾†å°±ä¸€åˆ†é˜æ˜¯åœ¨é«”æ„Ÿä¸‰å°,#FFFFFF,1,0,685,37255433,loveyou78912
400,ä»€éº¼ï¼Ÿæ²’äº†ï¼Ÿ,#FFFFFF,1,0,685,38837432,etal
401,è›¤,#FFFFFF,1,0,685,41884099,FATEMO
402,å“ˆå“ˆå“ˆ,#FFFFFF,1,0,687,41660743,a1710199021
403,è›¤ï¼Ÿ,#FFFFFF,1,0,689,42220557,qOuOl
404, è›¤?,#FFFFFF,1,0,690,37656514,jp956956
405,é€™åˆ°åº•æ˜¯ä»€éº¼é¬¼,#B538FA,1,0,690,41473515,czkcqkqzty
406,é‚£å€‹ä»€éº¼ä»€éº¼æ„›å“­é¼ å’©www,#FFFFFF,1,0,690,41933384,zaken000
407,ï¼Ÿï¼Ÿï¼Ÿï¼Ÿï¼Ÿï¼Ÿï¼Ÿï¼Ÿï¼Ÿï¼Ÿï¼Ÿï¼Ÿï¼Ÿï¼Ÿï¼Ÿï¼Ÿï¼Ÿï¼Ÿï¼Ÿï¼Ÿ,#FF0026,2,2,690,44897561,tommy1020712
408,å¥½å¯æ„›å•Šå•Šå•Šå•Šå•Šå•Šå•Š,#FFFFFF,1,0,690,46092643,ella0205
409,?????,#FFFFFF,1,0,691,41644995,sodragon
410,æ²’äº†ï¼Ÿï¼Ÿï¼Ÿï¼Ÿï¼Ÿï¼Ÿï¼Ÿï¼Ÿï¼Ÿï¼Ÿï¼Ÿï¼Ÿï¼Ÿï¼Ÿï¼Ÿï¼Ÿï¼Ÿï¼Ÿ,#FFFFFF,1,0,693,41165047,tsubakilee
411,æ²’æ­Œè©ž,#FFFFFF,1,0,695,42597761,loenyen73
412,æ²’äº†ï¼Ÿï¼Ÿï¼Ÿ,#FFFFFF,1,0,696,40784995,yu2501171025
413,æ²’äº†????,#FFFFFF,1,0,696,41597809,nico7214034
414,å—šå“‡å—šå“‡ æ²’äº†ï½ž,#FFFFFF,1,0,700,41606752,a54494028
415,å»£å‘Š30ç§’é€²ä¾†ä¸€åˆ†é˜,#FFFFFF,1,0,700,42845328,Zoe1010521
416,æˆ‘åœ¨çœ‹ä»€éº¼ï¼Ÿï¼Ÿï¼Ÿ,#FFFFFF,1,0,701,45023046,RTty971105
417,é«”æ„Ÿä¸€åˆ†é˜,#FFFFFF,1,0,703,41322900,z9ha45pt26xo
418,å¥½å¯æ„›,#FFFFFF,1,0,703,42107580,yyz0329
419,è¶…å»¢,#FFFFFF,1,0,704,45388579,Danielyang00
420,1åˆ†é˜XD,#BEBEBE,1,0,705,37310746,p1997201244
421,æ³¡éºµéƒ½é‚„æ²’å¥½,#FFFFFF,1,0,705,40822214,roubai1203
422,å¡æ‹‰okç‰ˆï¼ˆX,#FFFFFF,1,0,705,44295966,Sadone2005
423,ï¼Ÿï¼Ÿï¼Ÿï¼Ÿï¼Ÿï¼Ÿï¼Ÿ,#FFFFFF,1,0,710,43494643,kobeleobryan
424,çœŸçš„é«”æ„Ÿä¸€åˆ†é˜,#FFFFFF,1,0,712,37152327,tokl2508
425,é«”æ„Ÿä¸€åˆ†é˜,#FFFFFF,1,0,713,41061847,A19971212
426,å¯ä»¥,#FFFFFF,1,0,714,42679294,cyc0321
427,ï¼Ÿï¼Ÿï¼Ÿï¼Ÿï¼Ÿï¼Ÿ,#FFFFFF,1,0,715,44405211,mika1011002
428,å°å…«åœ¨çµå°¾ å¯æ„›,#FFFFFF,1,0,717,37340486,ann84
429,è¥¿è¥¿ä¸è¥¿è¥¿,#FFFFFF,1,0,717,44529568,st5109185
430,============,#FFFFFF,1,0,717,45236824,shinnae26
431,çœŸçš„é«”æ„Ÿ3ç§’,#FFFFFF,1,0,719,37884256,c107049
432,é›–ç„¶çŸ¥é“å¾ˆçŸ­ä½†çœŸçš„åš‡åˆ°æˆ‘äº†ðŸ¤£,#FFFFFF,1,0,720,37941426,yenlin1004
433,æ²’äº†ï¼Ÿ,#FFFFFF,1,0,722,37101694,cheninda1234
434,??,#FFFFFF,1,0,722,44615965,LordXavier
435,å“­å•Š ä¸€åˆ†é˜çš„å½±ç‰‡ è¦çœ‹ä¸‰åç§’çš„å»£å‘Š,#FFFFFF,1,0,724,37533365,mo000136
436,ç‚ºäº†é€™ä¸€åˆ†é˜çœ‹30ç§’å»£å‘Š å»£å‘Šå•†è³ºçˆ›,#FF0026,1,1,725,40950510,a52219951
437,6,#FFFFFF,1,0,725,44402511,house816
438,ï¼Ÿï¼Ÿï¼Ÿï¼Ÿï¼Ÿ,#FF0026,1,1,726,45101653,kateihan0307
439,å¥½å¿«,#FFFFFF,1,0,727,41701454,gl0507
440,??????????,#FFFFFF,1,0,729,40204499,tsm55555
441,å¾ˆå¯æ„›ä¸è¦åµ,#FFFFFF,1,0,729,42808044,JinAurora
442,å¹¹æ€Žéº¼æ²’äº†ï¼Ÿï¼Ÿï¼Ÿï¼Ÿï¼Ÿï¼Ÿï¼Ÿï¼Ÿï¼Ÿï¼Ÿï¼Ÿï¼Ÿï¼Ÿï¼Ÿ,#FF0026,2,2,730,46120254,ly127
443,è›¤,#FFFFFF,1,0,733,40277838,s06578
444,å¯æ„›,#FFFFFF,1,0,736,45546546,kikiandgd
445,å¹¹å¤ªå¿«,#FFFFFF,1,0,739,43662275,s3dh2
446,????????????????????????????,#FFFFFF,1,0,740,39857903,dc92044sony
447,å¥½å¯æ„›,#FFFFFF,1,0,740,41984454,BHSN00000q3t
448,æ²’çœ‹éŽé€™éº¼å¿«çš„,#FFFFFF,1,0,741,43778552,hp76249
449,éª¨æ„Ÿä¸€åˆ†é˜,#FFFFFF,1,0,742,42038413,realandtrue
450,å½±ç‰‡ä¸åˆ°90ç§’ å»£å‘Š30ç§’,#FFFFFF,1,0,743,44744721,a4391030
451,é«”æ„Ÿä¸€åˆ†é˜...,#FFFFFF,1,0,746,37392590,x0902
452,å¥½å¯æ„›å•Šå•Šå•Š,#FFFFFF,1,0,746,43182185,yinqiancai02
453,è›¤ æ²’äº†,#FFFFFF,1,0,748,41446373,nehsh101
454,è›¤,#FF9496,1,0,749,41591266,becky1020109
455,å•Šï¼Ÿ,#FFFFFF,1,0,750,45416519,xiupingdang
456,ç­‰ä¸€ä¸‹ æˆ‘ä¸æ˜¯å‰›çœ‹ï¼ï¼Ÿ,#FDE53D,1,0,752,39616476,carnew681012
457,çœŸâ€¢é«”æ„Ÿä¸€åˆ†é˜,#FF0026,2,0,752,42456708,Rei9488
458,é«”æ„Ÿä¸€åˆ†é˜,#FFFFFF,1,0,752,43474035,A15874875
459,å¥½æƒ³åƒ,#FFFFFF,1,0,753,42317243,lois19920926
460,è›¤...ï¼Ÿ,#FFFFFF,1,0,754,42896611,junhui9520
461,å»£å‘Š30ç§’æ­£ç‰‡ä¸€åˆ†é˜ ä½†æ˜¯å¤ªå¯æ„›æˆ‘é¡˜æ„ðŸ˜,#FFFFFF,1,0,755,37146166,account77615
462,ä¸€é›†ä¸€åˆ†ä¸‰åç§’ ç‰‡å°¾æ›²å 20ç§’,#FFFFFF,1,0,755,45396785,yuzhuang912
463,çœŸçš„æ˜¯ä¸€åˆ†é˜,#FFFFFF,1,0,758,38798423,shadow121010
464,ç­‰äº†30ç§’ çœ‹äº†ä¸€åˆ†é˜,#FFFFFF,1,0,758,40551109,kevin1998oo
465,é€™å•¥çŽ©æ„å…’XDDDD,#FFFFFF,1,0,761,38713656,RoaBoa850216
466,???????,#FFFFFF,1,0,761,42179798,cdfh1284841
467,å¥½å¥½åƒçš„æ„Ÿè¦º,#FFFFFF,1,0,761,44155008,timlin0808
468,é«”æ„Ÿä¸€åˆ†é˜,#FFFFFF,1,0,763,41692736,yymkc
469,é«”æ„Ÿä¸€åˆ†é˜,#FFFFFF,1,0,764,41413599,a70888765
470,å¡ä¼Šå¡å“‡,#FFFFFF,1,0,765,40904144,Bokey1423
471,????????????????????????????????,#FFFFFF,1,0,765,45447519,seisaisha
472,???????????????????????????,#FFFFFF,1,0,768,42455535,hau740212
473,åˆè¦å»£å‘Šäº†,#FDE53D,1,2,769,43908625,Anima0415
474,30ç§’å»£å‘Šçœ‹1åˆ†é˜,#FFFFFF,1,0,778,37350376,pig61012
475,ä¸‰å°æ€Žéº¼æ²’äº†,#FFFFFF,1,0,780,43645639,kk0913538560
476,ç¬‘æ­»,#FFFFFF,1,0,780,44680659,yuyi7613
477,æˆ‘çˆ±å°å…«,#FFFFFF,1,0,786,37176837,Kthunderbolt
478,æˆ‘é‚„åœ¨æ€è€ƒæ­£ç‰‡åœ¨å“ªå°±æ²’äº†,#FFFFFF,1,0,788,42732366,A1010010
479,XDDDDDDD,#FFFFFF,1,0,789,40543495,ncbob
480,å¥½èŒå‘€ï½ž,#FF9496,1,0,790,43183033,win7288
481,é­”æ€§,#FFFFFF,1,0,792,41516350,love20201128
482,åˆ°åº•æ˜¯åœ¨ç´…æ€Žæ¨£çš„å•Š,#FFFFFF,1,0,795,42555325,Lucy08070807
483,å…„å¼Ÿï½ž,#FFFFFF,1,0,798,39663830,wuted
484,ç¬‘å±ŽðŸ¤£ðŸ¤£ðŸ¤£,#FFFFFF,1,0,800,43256091,ox22081
485,å—¨ æ™šå®‰,#FFFFFF,1,0,801,44440682,jimmy0416
486,æœ‰å–œæ­¡å‰ä¼Šå¡å“‡çš„è¦åŠ igå—ŽIG:h._.y._.r._.0201,#FFFFFF,1,0,803,45006158,yurouhong36
487,å•Šï¼Ÿ,#BEBEBE,0,0,806,43333490,yiling0807
488,no~,#FDE53D,1,1,806,45101660,kateihan0307
489,è¦æ’åˆ°13-14é›†æ‰é–‹å§‹æœ‰åŠ‡æƒ…å–”~~~~,#FF0026,1,0,810,44049557,leteargerbob
490,1,#FFFFFF,1,0,815,45779315,Webb2012
491,é«”æ„Ÿ10ç§’,#FFFFFF,1,0,816,39006895,homo760123
492,é«”æ„Ÿä¸‰åç§’,#FFFFFF,1,0,817,41939969,g1080109
493,è›¤,#FF0026,1,0,820,40789340,jasonlin0331
494,è›¤,#00C3FC,2,0,820,44340361,yuye00571
495,é€™..ðŸ”šäº†ï¼Œçœ‹äº†ðŸ˜”ðŸ’¬,#FFFFFF,1,0,825,44207085,Aa5709453
496,æ¯ç½,#FFFFFF,1,0,826,42025785,snowball1292
497,è²“,#FFFFFF,1,0,827,43754918,s1080025
498,æˆ‘çš„æ³¡éºµé‚„æ²’å¥½,#FFFFFF,1,0,828,41982739,bear508
499,æ‰1åˆ†é˜ æˆ‘è¦çœ‹30ç§’çš„å»£å‘Šï¼Ÿ,#FFFFFF,1,0,832,39229289,joanne789
500,å¥½å¯æ„›å‘€\(//âˆ‡//)\,#FDE53D,1,0,835,40557924,WWWW1108
501,é«”æ„Ÿä¸€åˆ†é˜,#FFFFFF,1,0,836,42573056,xinghe820
502,æˆ‘ä¹Ÿæ˜¯ç‚ºäº†å‰ä¼Šè²·æœƒå“¡ðŸ˜‚ðŸ˜‚,#FFFFFF,1,0,840,42597770,loenyen73
503,æ‰€ä»¥ç‚ºå•¥å½ˆå¹•è¦ä¸€ç›´å…„å¼Ÿçš„( ï½¥á·„á½¢ï½¥á·… )ï¼Ÿ,#FFFFFF,1,2,846,43683954,annana566
504,é«”æ„Ÿ20ç§’,#FFFFFF,1,0,850,41270194,YEYU8964
505,???????????????????,#FFFFFF,1,0,853,45808459,jobe13321712
506,æˆ‘è²·å…å»£å‘Šäº†,#FFFFFF,1,0,857,41325318,J310923
507,å•Šå•Šå•Šå•Š,#FF9625,2,2,863,42532179,rosa0812
508,æ²’æœ‰äº†å“ˆå“ˆå“ˆã„é˜¿,#FFFFFF,1,0,863,44179863,g840483938
509,å…„å¼Ÿ,#FDE53D,1,0,865,39118447,a38395654a
510,ç‚ºä»€éº¼è¦ä¸€ç›´å…„å¼Ÿçš„( ï½¥á·„á½¢ï½¥á·… ),#FFFFFF,1,0,865,42802663,Melody122
511,è¯¶,#FF0026,1,0,866,44529573,st5109185
512,OK.......,#FFFFFF,1,0,871,38042307,AS52302100
513,æŽ°æŽ° æ™šå®‰,#FFFFFF,1,0,871,44440684,jimmy0416
514,ç‚ºäº†å‰ä¼Šå¡å“‡ç¬¬ä¸€æ¬¡è²·äº†æœƒå“¡ðŸ‘,#FFFFFF,1,0,874,40442519,acgn75410302
515,å°å…«ðŸ’—,#FFFFFF,1,0,874,43182188,yinqiancai02
516,æ³¡æ³¡é©—è¶…å¸‚å’Œçœ‹,#FFFFFF,1,0,876,44179856,g840483938
517,ZMB,#FFFFFF,1,0,877,42527612,ZED8090
518,é«”æ„Ÿä¸€ç§’é˜ææ•¢ä¸€ç§’é˜,#FFFFFF,1,0,889,45729097,Mia130
519,å…„å¼Ÿæœ‰äº‹è«‹è½‰èº«,#FFFFFF,1,0,890,44754781,D0690422
520,æˆ‘,#FFFFFF,1,0,897,45779317,Webb2012
521,ðŸ˜€,#00C3FC,1,0,898,40894473,kekerry75
522,æ²’äº†ï¼Ÿï¼Ÿï¼Ÿï¼Ÿ,#FFFFFF,1,0,901,42188563,linzzi
523,å“ˆ,#FF0026,1,0,901,44529579,st5109185
